{"optimizer":{"α":0.0,"temperature":0.0,"nrepeat":1},"time_elapsed":0.108820067,"contraction_complexity":{"tc":17.110187611857487,"sc":8.0,"rwc":17.469999458009173}}