{"optimizer_config":{"dis":{"order":"ForwardOrdering","beta":1.0},"algs":["MF","MMD"],"level":6,"width":50,"imbalances":[100,110,120,130,140,150,160,170,180,190,200,210,220,230,240,250,260,270,280,290,300,310,320,330,340,350,360,370,380,390,400,410,420,430,440,450,460,470,480,490,500,510,520,530,540,550,560,570,580,590,600,610,620,630,640,650,660,670,680,690,700,710,720,730,740,750,760,770,780,790,800]},"optimizer":"HyperND","instance":"/home/leo/jcode/OMEinsumContractionOrdersBenchmark/examples/independentset/codes/rg3.json","time_elapsed":8.928014809,"contraction_complexity":{"tc":30.36515064939814,"sc":24.0,"rwc":27.330528414219188}}