{"optimizer":{"α":0.0,"temperature":0.0,"nrepeat":1},"time_elapsed":0.011181167,"contraction_complexity":{"tc":42.00427212097975,"sc":34.0,"rwc":35.131440354842304}}