{"optimizer_config":{"dis":{"order":"ForwardOrdering","beta":1.0},"algs":["MF","AMF","MMD"],"level":6,"width":50,"scale":100,"imbalances":[100,110,120,130,140,150,160,170,180,190,200,210,220,230,240,250,260,270,280,290,300,310,320,330,340,350,360,370,380,390,400,410,420,430,440,450,460,470,480,490,500,510,520,530,540,550,560,570,580,590,600,610,620,630,640,650,660,670,680,690,700,710,720,730,740,750,760,770,780,790,800],"score":{"tc_weight":1.0,"sc_weight":0.0,"rw_weight":0.0,"sc_target":20.0}},"optimizer":"HyperND","instance":"/home/leo/jcode/OMEinsumContractionOrdersBenchmark/examples/quantumcircuit/codes/sycamore_53_20_0.json","time_elapsed":56.296211636,"contraction_complexity":{"tc":69.8517503174704,"sc":58.0,"rwc":60.20981802621134}}