{"optimizer":{"α":0.0,"temperature":0.0,"nrepeat":1},"time_elapsed":0.076616008,"contraction_complexity":{"tc":105.00070704121214,"sc":77.0,"rwc":78.00580409268939}}