{"optimizer":{"α":0.0,"temperature":0.0,"nrepeat":1},"time_elapsed":0.440081872,"contraction_complexity":{"tc":359.0008802825588,"sc":260.0,"rwc":261.35755415243386}}