{"optimizer_config":{"dis":{"order":"ForwardOrdering","beta":1.0},"algs":["MF","MMD"],"level":6,"width":50,"imbalances":[100,110,120,130,140,150,160,170,180,190,200,210,220,230,240,250,260,270,280,290,300,310,320,330,340,350,360,370,380,390,400,410,420,430,440,450,460,470,480,490,500,510,520,530,540,550,560,570,580,590,600,610,620,630,640,650,660,670,680,690,700,710,720,730,740,750,760,770,780,790,800]},"optimizer":"HyperND","instance":"/home/leo/jcode/OMEinsumContractionOrdersBenchmark/examples/qec/codes/surfacecode_d=21.json","time_elapsed":76.443373025,"contraction_complexity":{"tc":55.188329287581034,"sc":40.0,"rwc":42.45965255757581}}