{"optimizer":{"α":0.0,"temperature":0.0,"nrepeat":1},"time_elapsed":0.071124886,"contraction_complexity":{"tc":69.01445754208254,"sc":48.0,"rwc":49.555337882110635}}